{"cameraMode":{"drawMode":0,"name":"Shaded","section":"Shading Mode"},"sceneLighting":false,"audioPlay":false,"sceneViewState":{"showFog":true,"showMaterialUpdate":true,"showSkybox":false,"showFlares":true,"showImageEffects":true,"showParticleSystems":true},"in2DMode":false,"pivot":{"x":-0.8636952638626099,"y":-47.87943649291992,"z":-5.363046646118164},"rotation":{"x":-0.5749190449714661,"y":0.0045337681658566,"z":-0.0010358990402892233,"w":-0.8185380101203919},"size":22.0,"orthographic":false}