{"cameraMode":{"drawMode":0,"name":"Shaded","section":"Shading Mode"},"sceneLighting":true,"audioPlay":false,"sceneViewState":{"showFog":true,"showMaterialUpdate":true,"showSkybox":true,"showFlares":true,"showImageEffects":true,"showParticleSystems":true},"in2DMode":false,"pivot":{"x":0.9693584442138672,"y":-187.40530395507813,"z":16.116003036499025},"rotation":{"x":0.6821449398994446,"y":0.0015334660420194269,"z":-0.0031070446129888298,"w":0.7317783832550049},"size":205.59756469726563,"orthographic":false}