{"cameraMode":{"drawMode":0,"name":"Shaded","section":"Shading Mode"},"sceneLighting":true,"audioPlay":false,"sceneViewState":{"showFog":true,"showMaterialUpdate":true,"showSkybox":true,"showFlares":true,"showImageEffects":true,"showParticleSystems":true},"in2DMode":false,"pivot":{"x":328.004150390625,"y":1082.93017578125,"z":-123.7353515625},"rotation":{"x":0.1447707712650299,"y":-0.01085954625159502,"z":0.0007501752115786076,"w":0.9898735880851746},"size":2565.0166015625,"orthographic":false}