{"cameraMode":{"drawMode":0,"name":"Shaded","section":"Shading Mode"},"sceneLighting":false,"audioPlay":false,"sceneViewState":{"showFog":true,"showMaterialUpdate":true,"showSkybox":false,"showFlares":true,"showImageEffects":true,"showParticleSystems":true},"in2DMode":false,"pivot":{"x":2.2779998779296877,"y":0.27000007033348086,"z":0.9700000286102295},"rotation":{"x":0.43480849266052248,"y":-0.5599035024642944,"z":0.4449731409549713,"w":0.5473758578300476},"size":16.386432647705079,"orthographic":false}