{"cameraMode":{"drawMode":0,"name":"Shaded","section":"Shading Mode"},"sceneLighting":true,"audioPlay":false,"sceneViewState":{"showFog":true,"showMaterialUpdate":true,"showSkybox":true,"showFlares":true,"showImageEffects":true,"showParticleSystems":true},"in2DMode":false,"pivot":{"x":397.6376647949219,"y":1399.028564453125,"z":963.1801147460938},"rotation":{"x":-0.08422903716564179,"y":0.002246533054858446,"z":0.0007402600604109466,"w":-0.9966862201690674},"size":2287.7177734375,"orthographic":false}