{"cameraMode":{"drawMode":0,"name":"Shaded","section":"Shading Mode"},"sceneLighting":false,"audioPlay":false,"sceneViewState":{"showFog":true,"showMaterialUpdate":true,"showSkybox":false,"showFlares":true,"showImageEffects":true,"showParticleSystems":true},"in2DMode":false,"pivot":{"x":-0.13499999046325684,"y":0.25,"z":-0.7649999856948853},"rotation":{"x":-0.5749190449714661,"y":0.0045337681658566,"z":-0.0010358990402892233,"w":-0.8185380101203919},"size":5.286132335662842,"orthographic":false}