{"cameraMode":{"drawMode":0,"name":"Shaded","section":"Shading Mode"},"sceneLighting":true,"audioPlay":false,"sceneViewState":{"showFog":true,"showMaterialUpdate":true,"showSkybox":true,"showFlares":true,"showImageEffects":true,"showParticleSystems":true},"in2DMode":false,"pivot":{"x":0.406218945980072,"y":-21.374202728271486,"z":0.20795583724975587},"rotation":{"x":-0.687258243560791,"y":-0.0039377049542963509,"z":0.004478225018829107,"w":-0.7267107367515564},"size":55.06620788574219,"orthographic":false}