{"cameraMode":{"drawMode":0,"name":"Shaded","section":"Shading Mode"},"sceneLighting":true,"audioPlay":false,"sceneViewState":{"showFog":true,"showMaterialUpdate":true,"showSkybox":true,"showFlares":true,"showImageEffects":true,"showParticleSystems":true},"in2DMode":false,"pivot":{"x":290.7678527832031,"y":940.1336059570313,"z":49.41014099121094},"rotation":{"x":-0.1616416871547699,"y":-0.00412924075499177,"z":0.002089864807203412,"w":-0.987162709236145},"size":1696.3192138671875,"orthographic":false}