{"cameraMode":{"drawMode":0,"name":"Shaded","section":"Shading Mode"},"sceneLighting":true,"audioPlay":false,"sceneViewState":{"showFog":true,"showMaterialUpdate":true,"showSkybox":true,"showFlares":true,"showImageEffects":true,"showParticleSystems":true},"in2DMode":false,"pivot":{"x":5.389159679412842,"y":-52.79374694824219,"z":-7.118435859680176},"rotation":{"x":0.7429975271224976,"y":0.0074594286270439629,"z":-0.00781834963709116,"w":0.6699907183647156},"size":79.72217559814453,"orthographic":false}